id,hidden_layer_sizes,alpha,learning_rate_init,max_iter,best_threshold,train_acc_05,train_rec_05,train_prec_05,train_auc_05,val_acc_05,val_rec_05,val_prec_05,val_auc_05,test_acc_05,test_rec_05,test_prec_05,test_auc_05,val_acc_tuned,val_rec_tuned,val_prec_tuned,val_auc_tuned,test_acc_tuned,test_rec_tuned,test_prec_tuned,test_auc_tuned,val_tn,val_fp,val_fn,val_tp,test_tn,test_fp,test_fn,test_tp,train_time,early_stop_epoch,converged,constraint_met,is_leader
mlp_exp_20251201_2105_model001,"(128, 64, 32)",1e-05,0.001,300,0.44000000000000006,0.9456849193691299,0.9526977087952697,0.841658504733921,0.9878443956880765,0.91232423490488,0.9,0.772189349112426,0.9543821057371206,0.9115336916081025,0.9051724137931034,0.7675438596491229,0.9597710524835461,0.9110835401157982,0.9206896551724137,0.7596017069701281,0.9543821057371206,0.9090533278214138,0.9172413793103448,0.7556818181818182,0.9597710524835461,1669,169,46,534,1667,172,48,532,1.603043794631958,52,True,False,False
mlp_exp_20251201_2105_model002,"(128, 64, 32)",1e-05,0.001,500,0.44000000000000006,0.9456849193691299,0.9526977087952697,0.841658504733921,0.9878443956880765,0.91232423490488,0.9,0.772189349112426,0.9543821057371206,0.9115336916081025,0.9051724137931034,0.7675438596491229,0.9597710524835461,0.9110835401157982,0.9206896551724137,0.7596017069701281,0.9543821057371206,0.9090533278214138,0.9172413793103448,0.7556818181818182,0.9597710524835461,1669,169,46,534,1667,172,48,532,1.5648319721221924,52,True,False,False
mlp_exp_20251201_2105_model003,"(128, 64, 32)",1e-05,0.0007,300,0.35,0.9462165514797094,0.9161123429416113,0.8670863938440014,0.9873355764708315,0.9094292803970223,0.843103448275862,0.7925445705024311,0.9505304678998912,0.9107069036792063,0.8706896551724138,0.781733746130031,0.9574384504322064,0.9110835401157982,0.9224137931034483,0.7588652482269503,0.9505304678998912,0.9082265398925176,0.9189655172413793,0.7528248587570622,0.9574384504322064,1668,170,45,535,1664,175,47,533,1.5299010276794434,55,True,False,False
mlp_exp_20251201_2105_model004,"(128, 64, 32)",1e-05,0.0007,500,0.35,0.9462165514797094,0.9161123429416113,0.8670863938440014,0.9873355764708315,0.9094292803970223,0.843103448275862,0.7925445705024311,0.9505304678998912,0.9107069036792063,0.8706896551724138,0.781733746130031,0.9574384504322064,0.9110835401157982,0.9224137931034483,0.7588652482269503,0.9505304678998912,0.9082265398925176,0.9189655172413793,0.7528248587570622,0.9574384504322064,1668,170,45,535,1664,175,47,533,1.5284342765808105,55,True,False,False
mlp_exp_20251201_2105_model005,"(128, 64, 32)",0.0001,0.001,300,0.31,0.9436469962785752,0.9153732446415374,0.858876560332871,0.9857080527257911,0.9048800661703887,0.8344827586206897,0.7831715210355987,0.9526270121196203,0.9082265398925176,0.846551724137931,0.7868589743589743,0.9587997599894995,0.9032258064516129,0.9396551724137931,0.7325268817204301,0.9526270121196203,0.9016122364613477,0.9258620689655173,0.7336065573770492,0.9587997599894995,1639,199,35,545,1644,195,43,537,1.117521047592163,39,True,True,False
mlp_exp_20251201_2105_model006,"(128, 64, 32)",0.0001,0.001,500,0.31,0.9436469962785752,0.9153732446415374,0.858876560332871,0.9857080527257911,0.9048800661703887,0.8344827586206897,0.7831715210355987,0.9526270121196203,0.9082265398925176,0.846551724137931,0.7868589743589743,0.9587997599894995,0.9032258064516129,0.9396551724137931,0.7325268817204301,0.9526270121196203,0.9016122364613477,0.9258620689655173,0.7336065573770492,0.9587997599894995,1639,199,35,545,1644,195,43,537,1.1009700298309326,39,True,True,False
mlp_exp_20251201_2105_model007,"(128, 64, 32)",0.0001,0.0007,300,0.31,0.9495835548467128,0.9312638580931264,0.8680675163623838,0.9887487574017508,0.91232423490488,0.8517241379310345,0.7967741935483871,0.951834358935875,0.9119470855725507,0.8724137931034482,0.7844961240310078,0.9603063884044927,0.9069478908188585,0.9206896551724137,0.7489481065918654,0.951834358935875,0.9045059942124845,0.9293103448275862,0.7393689986282579,0.9603063884044927,1659,179,46,534,1649,190,41,539,1.8365650177001953,66,True,True,False
mlp_exp_20251201_2105_model008,"(128, 64, 32)",0.0001,0.0007,500,0.31,0.9495835548467128,0.9312638580931264,0.8680675163623838,0.9887487574017508,0.91232423490488,0.8517241379310345,0.7967741935483871,0.951834358935875,0.9119470855725507,0.8724137931034482,0.7844961240310078,0.9603063884044927,0.9069478908188585,0.9206896551724137,0.7489481065918654,0.951834358935875,0.9045059942124845,0.9293103448275862,0.7393689986282579,0.9603063884044927,1659,179,46,534,1649,190,41,539,1.8643977642059326,66,True,True,False
mlp_exp_20251201_2105_model009,"(128, 64, 32)",0.001,0.001,300,0.28,0.9425837320574163,0.9072431633407243,0.8607994389901823,0.9852683624579412,0.901985111662531,0.8172413793103448,0.7834710743801653,0.9527902330118946,0.9090533278214138,0.8482758620689655,0.7884615384615384,0.9587650709718549,0.8949545078577337,0.9224137931034483,0.7190860215053764,0.9527902330118946,0.9003720545680033,0.9310344827586207,0.728744939271255,0.9587650709718549,1629,209,45,535,1638,201,40,540,1.0991878509521484,39,True,True,False
mlp_exp_20251201_2105_model010,"(128, 64, 32)",0.001,0.001,500,0.28,0.9425837320574163,0.9072431633407243,0.8607994389901823,0.9852683624579412,0.901985111662531,0.8172413793103448,0.7834710743801653,0.9527902330118946,0.9090533278214138,0.8482758620689655,0.7884615384615384,0.9587650709718549,0.8949545078577337,0.9224137931034483,0.7190860215053764,0.9527902330118946,0.9003720545680033,0.9310344827586207,0.728744939271255,0.9587650709718549,1629,209,45,535,1638,201,40,540,1.096407175064087,39,True,True,False
mlp_exp_20251201_2105_model011,"(128, 64, 32)",0.001,0.0007,300,0.31,0.9417862838915471,0.8965262379896526,0.8655012486621477,0.9843792048060341,0.9052936311000828,0.8310344827586207,0.7862969004893964,0.9462219991745151,0.9049193881769326,0.846551724137931,0.7768987341772152,0.9514578762820873,0.8961952026468155,0.9206896551724137,0.7225981055480379,0.9462219991745151,0.8983050847457628,0.9189655172413793,0.7281420765027322,0.9514578762820873,1633,205,46,534,1640,199,47,533,1.1869149208068848,42,True,False,False
mlp_exp_20251201_2105_model012,"(128, 64, 32)",0.001,0.0007,500,0.31,0.9417862838915471,0.8965262379896526,0.8655012486621477,0.9843792048060341,0.9052936311000828,0.8310344827586207,0.7862969004893964,0.9462219991745151,0.9049193881769326,0.846551724137931,0.7768987341772152,0.9514578762820873,0.8961952026468155,0.9206896551724137,0.7225981055480379,0.9462219991745151,0.8983050847457628,0.9189655172413793,0.7281420765027322,0.9514578762820873,1633,205,46,534,1640,199,47,533,1.2422380447387695,42,True,False,False
mlp_exp_20251201_2105_model013,"(128, 64, 32)",0.01,0.001,300,0.30000000000000004,0.9479886585149743,0.9308943089430894,0.8629667694415896,0.9881157860370721,0.9160463192721258,0.8706896551724138,0.7977883096366508,0.9562825972758995,0.9140140553947912,0.8775862068965518,0.7879256965944272,0.9614408130355705,0.913564929693962,0.9344827586206896,0.7601683029453016,0.9562825972758995,0.9123604795369987,0.9413793103448276,0.7541436464088398,0.9614408130355705,1667,171,38,542,1661,178,34,546,1.6725859642028809,55,True,True,False
mlp_exp_20251201_2105_model014,"(128, 64, 32)",0.01,0.001,500,0.30000000000000004,0.9479886585149743,0.9308943089430894,0.8629667694415896,0.9881157860370721,0.9160463192721258,0.8706896551724138,0.7977883096366508,0.9562825972758995,0.9140140553947912,0.8775862068965518,0.7879256965944272,0.9614408130355705,0.913564929693962,0.9344827586206896,0.7601683029453016,0.9562825972758995,0.9123604795369987,0.9413793103448276,0.7541436464088398,0.9614408130355705,1667,171,38,542,1661,178,34,546,1.5641100406646729,55,True,True,False
mlp_exp_20251201_2105_model015,"(128, 64, 32)",0.01,0.0007,300,0.35,0.9485202906255538,0.9172209903917221,0.874251497005988,0.9873699255905464,0.9081885856079405,0.8362068965517241,0.7924836601307189,0.9502546808750141,0.9086399338569657,0.853448275862069,0.7844690966719493,0.9589366409780428,0.9094292803970223,0.9224137931034483,0.7545839210155149,0.9502546808750141,0.9086399338569657,0.9258620689655173,0.7510489510489511,0.9589366409780428,1664,174,45,535,1661,178,43,537,1.7798500061035156,61,True,True,False
mlp_exp_20251201_2105_model016,"(128, 64, 32)",0.01,0.0007,500,0.35,0.9485202906255538,0.9172209903917221,0.874251497005988,0.9873699255905464,0.9081885856079405,0.8362068965517241,0.7924836601307189,0.9502546808750141,0.9086399338569657,0.853448275862069,0.7844690966719493,0.9589366409780428,0.9094292803970223,0.9224137931034483,0.7545839210155149,0.9502546808750141,0.9086399338569657,0.9258620689655173,0.7510489510489511,0.9589366409780428,1664,174,45,535,1661,178,43,537,1.7220370769500732,61,True,True,False
mlp_exp_20251201_2105_model017,"(256, 128, 64)",1e-05,0.001,300,0.33,0.9464823675349991,0.9231337767923133,0.8631651693158259,0.9866670930695322,0.9114971050454922,0.8482758620689655,0.7961165048543689,0.9537048328392931,0.9111202976436544,0.853448275862069,0.792,0.9517682023588532,0.9102564102564102,0.9241379310344827,0.7559943582510579,0.9537048328392931,0.9102935097147582,0.9241379310344827,0.7559943582510579,0.9517682023588532,1665,173,44,536,1666,173,44,536,2.1286232471466064,36,True,True,False
mlp_exp_20251201_2105_model018,"(256, 128, 64)",1e-05,0.001,500,0.33,0.9464823675349991,0.9231337767923133,0.8631651693158259,0.9866670930695322,0.9114971050454922,0.8482758620689655,0.7961165048543689,0.9537048328392931,0.9111202976436544,0.853448275862069,0.792,0.9517682023588532,0.9102564102564102,0.9241379310344827,0.7559943582510579,0.9537048328392931,0.9102935097147582,0.9241379310344827,0.7559943582510579,0.9517682023588532,1665,173,44,536,1666,173,44,536,1.9766802787780762,36,True,True,False
mlp_exp_20251201_2105_model019,"(256, 128, 64)",1e-05,0.0007,300,0.29000000000000004,0.9472798157008683,0.9235033259423503,0.8656044336681676,0.9873692795255988,0.9119106699751861,0.8448275862068966,0.799347471451876,0.9459734156316837,0.909466721785862,0.8689655172413793,0.7789799072642968,0.9530554461757702,0.9036393713813069,0.9241379310344827,0.7393103448275862,0.9459734156316837,0.9069863579991733,0.9413793103448276,0.7408412483039348,0.9530554461757702,1649,189,44,536,1648,191,34,546,2.288769006729126,42,True,True,False
mlp_exp_20251201_2105_model020,"(256, 128, 64)",1e-05,0.0007,500,0.29000000000000004,0.9472798157008683,0.9235033259423503,0.8656044336681676,0.9873692795255988,0.9119106699751861,0.8448275862068966,0.799347471451876,0.9459734156316837,0.909466721785862,0.8689655172413793,0.7789799072642968,0.9530554461757702,0.9036393713813069,0.9241379310344827,0.7393103448275862,0.9459734156316837,0.9069863579991733,0.9413793103448276,0.7408412483039348,0.9530554461757702,1649,189,44,536,1648,191,34,546,2.305569648742676,42,True,True,False
mlp_exp_20251201_2105_model021,"(256, 128, 64)",0.0001,0.001,300,0.22,0.9471912103491051,0.9142645971914265,0.8717406624383368,0.9876319264623035,0.9077750206782464,0.8258620689655173,0.7970049916805324,0.9484967731041988,0.9123604795369987,0.8551724137931035,0.7948717948717948,0.9509366034764021,0.8990901571546733,0.9258620689655173,0.7276422764227642,0.9484967731041988,0.9032658123191402,0.9448275862068966,0.7306666666666667,0.9509366034764021,1637,201,43,537,1637,202,32,548,2.3419530391693115,42,True,True,False
mlp_exp_20251201_2105_model022,"(256, 128, 64)",0.0001,0.001,500,0.22,0.9471912103491051,0.9142645971914265,0.8717406624383368,0.9876319264623035,0.9077750206782464,0.8258620689655173,0.7970049916805324,0.9484967731041988,0.9123604795369987,0.8551724137931035,0.7948717948717948,0.9509366034764021,0.8990901571546733,0.9258620689655173,0.7276422764227642,0.9484967731041988,0.9032658123191402,0.9448275862068966,0.7306666666666667,0.9509366034764021,1637,201,43,537,1637,202,32,548,2.307852029800415,42,True,True,False
mlp_exp_20251201_2105_model023,"(256, 128, 64)",0.0001,0.0007,300,0.35,0.9498493709020025,0.9497413155949741,0.8566666666666667,0.9882873808871593,0.901571546732837,0.8568965517241379,0.7622699386503068,0.9480788713369103,0.902852418354692,0.8741379310344828,0.757847533632287,0.9515825692374041,0.9057071960297767,0.9293103448275862,0.7424242424242424,0.9480788713369103,0.902852418354692,0.9344827586206896,0.7334235453315291,0.9515825692374041,1651,187,41,539,1642,197,38,542,2.793760061264038,51,True,True,False
mlp_exp_20251201_2105_model024,"(256, 128, 64)",0.0001,0.0007,500,0.35,0.9498493709020025,0.9497413155949741,0.8566666666666667,0.9882873808871593,0.901571546732837,0.8568965517241379,0.7622699386503068,0.9480788713369103,0.902852418354692,0.8741379310344828,0.757847533632287,0.9515825692374041,0.9057071960297767,0.9293103448275862,0.7424242424242424,0.9480788713369103,0.902852418354692,0.9344827586206896,0.7334235453315291,0.9515825692374041,1651,187,41,539,1642,197,38,542,2.8606457710266113,51,True,True,False
mlp_exp_20251201_2105_model025,"(256, 128, 64)",0.001,0.001,300,0.33999999999999997,0.950735424419635,0.9360679970436068,0.8686556927297668,0.9891962219844703,0.9119106699751861,0.8517241379310345,0.7954911433172303,0.9515914036996735,0.9136006614303431,0.8793103448275862,0.785824345146379,0.9574806397779903,0.9098428453267163,0.9310344827586207,0.7520891364902507,0.9515914036996735,0.9144274493592394,0.9534482758620689,0.7544338335607094,0.9574806397779903,1660,178,40,540,1659,180,27,553,2.354771852493286,42,True,True,False
mlp_exp_20251201_2105_model026,"(256, 128, 64)",0.001,0.001,500,0.33999999999999997,0.950735424419635,0.9360679970436068,0.8686556927297668,0.9891962219844703,0.9119106699751861,0.8517241379310345,0.7954911433172303,0.9515914036996735,0.9136006614303431,0.8793103448275862,0.785824345146379,0.9574806397779903,0.9098428453267163,0.9310344827586207,0.7520891364902507,0.9515914036996735,0.9144274493592394,0.9534482758620689,0.7544338335607094,0.9574806397779903,1660,178,40,540,1659,180,27,553,2.3797481060028076,42,True,True,False
mlp_exp_20251201_2105_model027,"(256, 128, 64)",0.001,0.0007,300,0.33999999999999997,0.9479886585149743,0.9316334072431633,0.8624700650017105,0.9874981048761537,0.913564929693962,0.8568965517241379,0.797752808988764,0.9491646654909761,0.9123604795369987,0.8758620689655172,0.7839506172839507,0.9539564230935103,0.9086021505376344,0.9224137931034483,0.7524613220815752,0.9491646654909761,0.9107069036792063,0.9362068965517242,0.7520775623268698,0.9539564230935103,1662,176,45,535,1660,179,37,543,2.3759279251098633,42,True,True,False
mlp_exp_20251201_2105_model028,"(256, 128, 64)",0.001,0.0007,500,0.33999999999999997,0.9479886585149743,0.9316334072431633,0.8624700650017105,0.9874981048761537,0.913564929693962,0.8568965517241379,0.797752808988764,0.9491646654909761,0.9123604795369987,0.8758620689655172,0.7839506172839507,0.9539564230935103,0.9086021505376344,0.9224137931034483,0.7524613220815752,0.9491646654909761,0.9107069036792063,0.9362068965517242,0.7520775623268698,0.9539564230935103,1662,176,45,535,1660,179,37,543,2.3283579349517822,42,True,True,False
mlp_exp_20251201_2105_model029,"(256, 128, 64)",0.01,0.001,300,0.30000000000000004,0.9466595782385256,0.9246119733924612,0.8627586206896551,0.9876010876288038,0.9073614557485525,0.8482758620689655,0.7834394904458599,0.9485830738058609,0.9090533278214138,0.8724137931034482,0.7760736196319018,0.9530807597832405,0.8949545078577337,0.9224137931034483,0.7190860215053764,0.9485830738058609,0.9024390243902439,0.9431034482758621,0.7293333333333333,0.9530807597832405,1629,209,45,535,1636,203,33,547,2.2464067935943604,41,True,True,False
mlp_exp_20251201_2105_model030,"(256, 128, 64)",0.01,0.001,500,0.30000000000000004,0.9466595782385256,0.9246119733924612,0.8627586206896551,0.9876010876288038,0.9073614557485525,0.8482758620689655,0.7834394904458599,0.9485830738058609,0.9090533278214138,0.8724137931034482,0.7760736196319018,0.9530807597832405,0.8949545078577337,0.9224137931034483,0.7190860215053764,0.9485830738058609,0.9024390243902439,0.9431034482758621,0.7293333333333333,0.9530807597832405,1629,209,45,535,1636,203,33,547,2.245136022567749,41,True,True,False
mlp_exp_20251201_2105_model031,"(256, 128, 64)",0.01,0.0007,300,0.33,0.9473684210526315,0.9257206208425721,0.8643892339544513,0.9873112198223063,0.9077750206782464,0.8413793103448276,0.7883683360258481,0.9458646017035008,0.9115336916081025,0.8603448275862069,0.7895569620253164,0.9508494121617821,0.9081885856079405,0.9206896551724137,0.752112676056338,0.9458646017035008,0.9078131459280695,0.9293103448275862,0.7475728155339806,0.9508494121617821,1662,176,46,534,1657,182,41,539,2.2904326915740967,42,True,True,False
mlp_exp_20251201_2105_model032,"(256, 128, 64)",0.01,0.0007,500,0.33,0.9473684210526315,0.9257206208425721,0.8643892339544513,0.9873112198223063,0.9077750206782464,0.8413793103448276,0.7883683360258481,0.9458646017035008,0.9115336916081025,0.8603448275862069,0.7895569620253164,0.9508494121617821,0.9081885856079405,0.9206896551724137,0.752112676056338,0.9458646017035008,0.9078131459280695,0.9293103448275862,0.7475728155339806,0.9508494121617821,1662,176,46,534,1657,182,41,539,2.4092559814453125,42,True,True,False
mlp_exp_20251201_2105_model033,"(256, 256, 128)",1e-05,0.001,300,0.33,0.9468367889420521,0.8832224685883222,0.893792071802543,0.9864106052853281,0.9081885856079405,0.8051724137931034,0.8107638888888888,0.956455198679224,0.9082265398925176,0.8137931034482758,0.8054607508532423,0.9509872306913426,0.91232423490488,0.9258620689655173,0.7606232294617564,0.956455198679224,0.9036792062835882,0.9120689655172414,0.7440225035161744,0.9509872306913426,1669,169,43,537,1657,182,51,529,2.969434976577759,35,True,False,False
mlp_exp_20251201_2105_model034,"(256, 256, 128)",1e-05,0.001,500,0.33,0.9468367889420521,0.8832224685883222,0.893792071802543,0.9864106052853281,0.9081885856079405,0.8051724137931034,0.8107638888888888,0.956455198679224,0.9082265398925176,0.8137931034482758,0.8054607508532423,0.9509872306913426,0.91232423490488,0.9258620689655173,0.7606232294617564,0.956455198679224,0.9036792062835882,0.9120689655172414,0.7440225035161744,0.9509872306913426,1669,169,43,537,1657,182,51,529,2.8547801971435547,35,True,False,False
mlp_exp_20251201_2105_model035,"(256, 256, 128)",1e-05,0.0007,300,0.33999999999999997,0.9512670565302144,0.9216555801921655,0.8806497175141242,0.9878583076199485,0.9143920595533499,0.8482758620689655,0.8052373158756138,0.9550439007917151,0.9123604795369987,0.846551724137931,0.7996742671009772,0.9510987980724156,0.9143920595533499,0.9224137931034483,0.7675753228120517,0.9550439007917151,0.9107069036792063,0.9051724137931034,0.7653061224489796,0.9510987980724156,1676,162,45,535,1678,161,55,525,3.979708194732666,47,True,False,False
mlp_exp_20251201_2105_model036,"(256, 256, 128)",1e-05,0.0007,500,0.33999999999999997,0.9512670565302144,0.9216555801921655,0.8806497175141242,0.9878583076199485,0.9143920595533499,0.8482758620689655,0.8052373158756138,0.9550439007917151,0.9123604795369987,0.846551724137931,0.7996742671009772,0.9510987980724156,0.9143920595533499,0.9224137931034483,0.7675753228120517,0.9550439007917151,0.9107069036792063,0.9051724137931034,0.7653061224489796,0.9510987980724156,1676,162,45,535,1678,161,55,525,3.9895360469818115,47,True,False,False
mlp_exp_20251201_2105_model037,"(256, 256, 128)",0.0001,0.001,300,0.33999999999999997,0.9562289562289562,0.9441980783444198,0.8816425120772947,0.9891552614667913,0.9143920595533499,0.8672413793103448,0.7946287519747235,0.9538699298337774,0.9173212071103762,0.8896551724137931,0.7914110429447853,0.9539686111267367,0.912737799834574,0.9224137931034483,0.7631954350927247,0.9538699298337774,0.9107069036792063,0.9137931034482759,0.7614942528735632,0.9539686111267367,1672,166,45,535,1673,166,50,530,6.0120861530303955,74,True,False,False
mlp_exp_20251201_2105_model038,"(256, 256, 128)",0.0001,0.001,500,0.33999999999999997,0.9562289562289562,0.9441980783444198,0.8816425120772947,0.9891552614667913,0.9143920595533499,0.8672413793103448,0.7946287519747235,0.9538699298337774,0.9173212071103762,0.8896551724137931,0.7914110429447853,0.9539686111267367,0.912737799834574,0.9224137931034483,0.7631954350927247,0.9538699298337774,0.9107069036792063,0.9137931034482759,0.7614942528735632,0.9539686111267367,1672,166,45,535,1673,166,50,530,6.0957629680633545,74,True,False,False
mlp_exp_20251201_2105_model039,"(256, 256, 128)",0.0001,0.0007,300,0.37,0.9524189261031366,0.9172209903917221,0.8880143112701252,0.9881851734124462,0.9102564102564102,0.8362068965517241,0.7990115321252059,0.9556958463097069,0.9123604795369987,0.85,0.7977346278317152,0.9508916015075661,0.913564929693962,0.9206896551724137,0.7661406025824964,0.9556958463097069,0.9090533278214138,0.9086206896551724,0.7593659942363112,0.9508916015075661,1675,163,46,534,1672,167,53,527,4.974607706069946,60,True,False,False
mlp_exp_20251201_2105_model040,"(256, 256, 128)",0.0001,0.0007,500,0.37,0.9524189261031366,0.9172209903917221,0.8880143112701252,0.9881851734124462,0.9102564102564102,0.8362068965517241,0.7990115321252059,0.9556958463097069,0.9123604795369987,0.85,0.7977346278317152,0.9508916015075661,0.913564929693962,0.9206896551724137,0.7661406025824964,0.9556958463097069,0.9090533278214138,0.9086206896551724,0.7593659942363112,0.9508916015075661,1675,163,46,534,1672,167,53,527,5.011389970779419,60,True,False,False
mlp_exp_20251201_2105_model041,"(256, 256, 128)",0.001,0.001,300,0.28,0.9511784511784511,0.9035476718403548,0.8939670932358318,0.9875509960598652,0.912737799834574,0.8293103448275863,0.8111298482293423,0.9542367078158418,0.9090533278214138,0.8189655172413793,0.8050847457627118,0.950303763289644,0.9177005789909015,0.9275862068965517,0.7741007194244605,0.9542367078158418,0.909466721785862,0.906896551724138,0.7612156295224313,0.950303763289644,1681,157,42,538,1674,165,54,526,3.8213257789611816,47,True,False,False
mlp_exp_20251201_2105_model042,"(256, 256, 128)",0.001,0.001,500,0.28,0.9511784511784511,0.9035476718403548,0.8939670932358318,0.9875509960598652,0.912737799834574,0.8293103448275863,0.8111298482293423,0.9542367078158418,0.9090533278214138,0.8189655172413793,0.8050847457627118,0.950303763289644,0.9177005789909015,0.9275862068965517,0.7741007194244605,0.9542367078158418,0.909466721785862,0.906896551724138,0.7612156295224313,0.950303763289644,1681,157,42,538,1674,165,54,526,3.8304290771484375,47,True,False,False
mlp_exp_20251201_2105_model043,"(256, 256, 128)",0.001,0.0007,300,0.28,0.948254474570264,0.9116777531411677,0.8773115220483642,0.987006794018989,0.9098428453267163,0.8310344827586207,0.8006644518272426,0.9516462796893174,0.9144274493592394,0.843103448275862,0.8082644628099174,0.9505925259230091,0.9114971050454922,0.9206896551724137,0.7606837606837606,0.9516462796893174,0.909466721785862,0.9137931034482759,0.7582260371959942,0.9505925259230091,1670,168,46,534,1670,169,50,530,3.4852070808410645,42,True,False,False
mlp_exp_20251201_2105_model044,"(256, 256, 128)",0.001,0.0007,500,0.28,0.948254474570264,0.9116777531411677,0.8773115220483642,0.987006794018989,0.9098428453267163,0.8310344827586207,0.8006644518272426,0.9516462796893174,0.9144274493592394,0.843103448275862,0.8082644628099174,0.9505925259230091,0.9114971050454922,0.9206896551724137,0.7606837606837606,0.9516462796893174,0.909466721785862,0.9137931034482759,0.7582260371959942,0.9505925259230091,1670,168,46,534,1670,169,50,530,3.756632089614868,42,True,False,False
mlp_exp_20251201_2105_model045,"(256, 256, 128)",0.01,0.001,300,0.37,0.9546340598972178,0.9353288987435329,0.8824965132496513,0.9883693880645101,0.9098428453267163,0.8448275862068966,0.7928802588996764,0.9565743311695621,0.9123604795369987,0.8655172413793103,0.789308176100629,0.9546455157413137,0.9139784946236559,0.9241379310344827,0.7657142857142857,0.9565743311695621,0.9107069036792063,0.9206896551724137,0.7585227272727273,0.9546455157413137,1674,164,44,536,1669,170,46,534,5.229645013809204,62,True,True,False
mlp_exp_20251201_2105_model046,"(256, 256, 128)",0.01,0.001,500,0.37,0.9546340598972178,0.9353288987435329,0.8824965132496513,0.9883693880645101,0.9098428453267163,0.8448275862068966,0.7928802588996764,0.9565743311695621,0.9123604795369987,0.8655172413793103,0.789308176100629,0.9546455157413137,0.9139784946236559,0.9241379310344827,0.7657142857142857,0.9565743311695621,0.9107069036792063,0.9206896551724137,0.7585227272727273,0.9546455157413137,1674,164,44,536,1669,170,46,534,5.049057960510254,62,True,True,False
mlp_exp_20251201_2105_model047,"(256, 256, 128)",0.01,0.0007,300,0.37,0.9547226652489811,0.934220251293422,0.8836071303739951,0.9888455379309038,0.9106699751861043,0.846551724137931,0.7944983818770227,0.9531701437094293,0.9119470855725507,0.8603448275862069,0.7908082408874801,0.9508512872438168,0.9139784946236559,0.9206896551724137,0.7672413793103449,0.9531701437094293,0.9102935097147582,0.9206896551724137,0.7574468085106383,0.9508512872438168,1676,162,46,534,1668,171,46,534,7.25984001159668,88,True,True,False
mlp_exp_20251201_2105_model048,"(256, 256, 128)",0.01,0.0007,500,0.37,0.9547226652489811,0.934220251293422,0.8836071303739951,0.9888455379309038,0.9106699751861043,0.846551724137931,0.7944983818770227,0.9531701437094293,0.9119470855725507,0.8603448275862069,0.7908082408874801,0.9508512872438168,0.9139784946236559,0.9206896551724137,0.7672413793103449,0.9531701437094293,0.9102935097147582,0.9206896551724137,0.7574468085106383,0.9508512872438168,1676,162,46,534,1668,171,46,534,7.266202211380005,88,True,True,False
mlp_exp_20251201_2105_model049,"(128, 64)",1e-05,0.001,300,0.30000000000000004,0.9502923976608187,0.9382852919438285,0.8656665530173884,0.9856789151966535,0.9065343258891646,0.8396551724137931,0.785483870967742,0.9426222280589847,0.9078131459280695,0.8603448275862069,0.7784711388455539,0.9436715981324182,0.8982630272952854,0.9206896551724137,0.7275204359673024,0.9426222280589847,0.9020256304257958,0.9241379310344827,0.7352537722908093,0.9436715981324182,1638,200,46,534,1646,193,44,536,1.9260601997375488,75,True,True,False
mlp_exp_20251201_2105_model050,"(128, 64)",1e-05,0.001,500,0.30000000000000004,0.9502923976608187,0.9382852919438285,0.8656665530173884,0.9856789151966535,0.9065343258891646,0.8396551724137931,0.785483870967742,0.9426222280589847,0.9078131459280695,0.8603448275862069,0.7784711388455539,0.9436715981324182,0.8982630272952854,0.9206896551724137,0.7275204359673024,0.9426222280589847,0.9020256304257958,0.9241379310344827,0.7352537722908093,0.9436715981324182,1638,200,46,534,1646,193,44,536,1.8734118938446045,75,True,True,False
mlp_exp_20251201_2105_model051,"(128, 64)",1e-05,0.0007,300,0.32,0.9506468190678717,0.9471544715447154,0.8609338259993282,0.9857132427808702,0.9114971050454922,0.8775862068965518,0.7806748466257669,0.9411757532550373,0.9090533278214138,0.8724137931034482,0.7760736196319018,0.9437503515778816,0.9057071960297767,0.9241379310344827,0.7444444444444445,0.9411757532550373,0.9078131459280695,0.9258620689655173,0.7489539748953975,0.9437503515778816,1654,184,44,536,1659,180,43,537,2.415761947631836,96,True,True,False
mlp_exp_20251201_2105_model052,"(128, 64)",1e-05,0.0007,500,0.32,0.9506468190678717,0.9471544715447154,0.8609338259993282,0.9857132427808702,0.9114971050454922,0.8775862068965518,0.7806748466257669,0.9411757532550373,0.9090533278214138,0.8724137931034482,0.7760736196319018,0.9437503515778816,0.9057071960297767,0.9241379310344827,0.7444444444444445,0.9411757532550373,0.9078131459280695,0.9258620689655173,0.7489539748953975,0.9437503515778816,1654,184,44,536,1659,180,43,537,2.415583848953247,96,True,True,False
mlp_exp_20251201_2105_model053,"(128, 64)",0.0001,0.001,300,0.25,0.9486975013290803,0.934589800443459,0.8628454452405322,0.9853796579129174,0.9057071960297767,0.8482758620689655,0.7784810126582279,0.9415519117481521,0.9090533278214138,0.8672413793103448,0.7786377708978328,0.9435853443588157,0.892059553349876,0.9206896551724137,0.7129506008010681,0.9415519117481521,0.9003720545680033,0.9362068965517242,0.7269076305220884,0.9435853443588157,1623,215,46,534,1635,204,37,543,1.8941879272460938,75,True,True,False
mlp_exp_20251201_2105_model054,"(128, 64)",0.0001,0.001,500,0.25,0.9486975013290803,0.934589800443459,0.8628454452405322,0.9853796579129174,0.9057071960297767,0.8482758620689655,0.7784810126582279,0.9415519117481521,0.9090533278214138,0.8672413793103448,0.7786377708978328,0.9435853443588157,0.892059553349876,0.9206896551724137,0.7129506008010681,0.9415519117481521,0.9003720545680033,0.9362068965517242,0.7269076305220884,0.9435853443588157,1623,215,46,534,1635,204,37,543,1.8870728015899658,75,True,True,False
mlp_exp_20251201_2105_model055,"(128, 64)",0.0001,0.0007,300,0.31,0.9524189261031366,0.9249815225424981,0.8822700035248502,0.9865227190892378,0.9081885856079405,0.8362068965517241,0.7924836601307189,0.939732092604405,0.9119470855725507,0.8448275862068966,0.799347471451876,0.9457651272243162,0.9048800661703887,0.9206896551724137,0.7437325905292479,0.939732092604405,0.9069863579991733,0.9310344827586207,0.7448275862068966,0.9457651272243162,1654,184,46,534,1654,185,40,540,2.7430930137634277,106,True,True,False
mlp_exp_20251201_2105_model056,"(128, 64)",0.0001,0.0007,500,0.31,0.9524189261031366,0.9249815225424981,0.8822700035248502,0.9865227190892378,0.9081885856079405,0.8362068965517241,0.7924836601307189,0.939732092604405,0.9119470855725507,0.8448275862068966,0.799347471451876,0.9457651272243162,0.9048800661703887,0.9206896551724137,0.7437325905292479,0.939732092604405,0.9069863579991733,0.9310344827586207,0.7448275862068966,0.9457651272243162,1654,184,46,534,1654,185,40,540,2.6459848880767822,106,True,True,False
mlp_exp_20251201_2105_model057,"(128, 64)",0.001,0.001,300,0.31,0.9488747120326068,0.9190687361419069,0.8741652021089631,0.9848056507424578,0.9052936311000828,0.8172413793103448,0.7939698492462312,0.9412883193876401,0.9111202976436544,0.8413793103448276,0.7986906710310966,0.9447338321051546,0.9052936311000828,0.9224137931034483,0.7440890125173852,0.9412883193876401,0.9073997519636213,0.9189655172413793,0.7507042253521127,0.9447338321051546,1654,184,45,535,1662,177,47,533,1.770589828491211,70,True,False,False
mlp_exp_20251201_2105_model058,"(128, 64)",0.001,0.001,500,0.31,0.9488747120326068,0.9190687361419069,0.8741652021089631,0.9848056507424578,0.9052936311000828,0.8172413793103448,0.7939698492462312,0.9412883193876401,0.9111202976436544,0.8413793103448276,0.7986906710310966,0.9447338321051546,0.9052936311000828,0.9224137931034483,0.7440890125173852,0.9412883193876401,0.9073997519636213,0.9189655172413793,0.7507042253521127,0.9447338321051546,1654,184,45,535,1662,177,47,533,1.7694640159606934,70,True,False,False
mlp_exp_20251201_2105_model059,"(128, 64)",0.001,0.0007,300,0.28,0.9488747120326068,0.9294161123429416,0.8669424336435712,0.9851712804318127,0.9048800661703887,0.8413793103448276,0.7795527156549521,0.9387114930021389,0.9045059942124845,0.8413793103448276,0.7783094098883573,0.9446513284956217,0.8933002481389578,0.9206896551724137,0.7158176943699732,0.9387114930021389,0.8978916907813146,0.9224137931034483,0.7259158751696065,0.9446513284956217,1626,212,46,534,1637,202,45,535,2.24920392036438,88,True,True,False
mlp_exp_20251201_2105_model060,"(128, 64)",0.001,0.0007,500,0.28,0.9488747120326068,0.9294161123429416,0.8669424336435712,0.9851712804318127,0.9048800661703887,0.8413793103448276,0.7795527156549521,0.9387114930021389,0.9045059942124845,0.8413793103448276,0.7783094098883573,0.9446513284956217,0.8933002481389578,0.9206896551724137,0.7158176943699732,0.9387114930021389,0.8978916907813146,0.9224137931034483,0.7259158751696065,0.9446513284956217,1626,212,46,534,1637,202,45,535,2.188455820083618,88,True,True,False
mlp_exp_20251201_2105_model061,"(128, 64)",0.01,0.001,300,0.31,0.9525075314548999,0.9393939393939394,0.8723404255319149,0.9865820709224257,0.9077750206782464,0.85,0.7837837837837838,0.944432197666129,0.9078131459280695,0.8568965517241379,0.7802197802197802,0.9466961054546137,0.9052936311000828,0.9206896551724137,0.7447698744769874,0.944432197666129,0.9032658123191402,0.9189655172413793,0.7402777777777778,0.9466961054546137,1655,183,46,534,1652,187,47,533,2.1683802604675293,86,True,False,False
mlp_exp_20251201_2105_model062,"(128, 64)",0.01,0.001,500,0.31,0.9525075314548999,0.9393939393939394,0.8723404255319149,0.9865820709224257,0.9077750206782464,0.85,0.7837837837837838,0.944432197666129,0.9078131459280695,0.8568965517241379,0.7802197802197802,0.9466961054546137,0.9052936311000828,0.9206896551724137,0.7447698744769874,0.944432197666129,0.9032658123191402,0.9189655172413793,0.7402777777777778,0.9466961054546137,1655,183,46,534,1652,187,47,533,2.14628005027771,86,True,False,False
mlp_exp_20251201_2105_model063,"(128, 64)",0.01,0.0007,300,0.27,0.9465709728867624,0.9076127124907613,0.8743325026699893,0.9830797097703972,0.901985111662531,0.8155172413793104,0.7844112769485904,0.9378705301864846,0.9045059942124845,0.8241379310344827,0.7874794069192751,0.9422540361140801,0.8887510339123242,0.9206896551724137,0.7054161162483488,0.9378705301864846,0.8970649028524184,0.9258620689655173,0.7227456258411844,0.9422540361140801,1615,223,46,534,1633,206,43,537,1.7595038414001465,70,True,True,False
mlp_exp_20251201_2105_model064,"(128, 64)",0.01,0.0007,500,0.27,0.9465709728867624,0.9076127124907613,0.8743325026699893,0.9830797097703972,0.901985111662531,0.8155172413793104,0.7844112769485904,0.9378705301864846,0.9045059942124845,0.8241379310344827,0.7874794069192751,0.9422540361140801,0.8887510339123242,0.9206896551724137,0.7054161162483488,0.9378705301864846,0.8970649028524184,0.9258620689655173,0.7227456258411844,0.9422540361140801,1615,223,46,534,1633,206,43,537,1.792442798614502,70,True,True,False
mlp_exp_20251201_2105_model065,"(64, 32)",1e-05,0.001,300,0.2,0.9369129895445685,0.8392461197339246,0.891287284144427,0.9818336658414264,0.891232423490488,0.7482758620689656,0.7876588021778584,0.9432493152226934,0.8904505994212485,0.7362068965517241,0.7922077922077922,0.9266467907970974,0.881306865177833,0.9293103448275862,0.686624203821656,0.9432493152226934,0.8768085985944605,0.9017241379310345,0.6845549738219895,0.9266467907970974,1592,246,41,539,1598,241,57,523,1.3056960105895996,80,True,False,False
mlp_exp_20251201_2105_model066,"(64, 32)",1e-05,0.001,500,0.2,0.9369129895445685,0.8392461197339246,0.891287284144427,0.9818336658414264,0.891232423490488,0.7482758620689656,0.7876588021778584,0.9432493152226934,0.8904505994212485,0.7362068965517241,0.7922077922077922,0.9266467907970974,0.881306865177833,0.9293103448275862,0.686624203821656,0.9432493152226934,0.8768085985944605,0.9017241379310345,0.6845549738219895,0.9266467907970974,1592,246,41,539,1598,241,57,523,1.255721092224121,80,True,False,False
mlp_exp_20251201_2105_model067,"(64, 32)",1e-05,0.0007,300,0.22,0.9310650363281943,0.8710273466371027,0.8460157932519742,0.9758649732873679,0.8846153846153846,0.7724137931034483,0.7529411764705882,0.9340986266931822,0.8813559322033898,0.7724137931034483,0.7429519071310116,0.915684123680411,0.8548387096774194,0.9224137931034483,0.6361474435196195,0.9340986266931822,0.8532451426209178,0.8896551724137931,0.6394052044609665,0.915684123680411,1532,306,45,535,1548,291,64,516,1.2570397853851318,80,True,False,False
mlp_exp_20251201_2105_model068,"(64, 32)",1e-05,0.0007,500,0.22,0.9310650363281943,0.8710273466371027,0.8460157932519742,0.9758649732873679,0.8846153846153846,0.7724137931034483,0.7529411764705882,0.9340986266931822,0.8813559322033898,0.7724137931034483,0.7429519071310116,0.915684123680411,0.8548387096774194,0.9224137931034483,0.6361474435196195,0.9340986266931822,0.8532451426209178,0.8896551724137931,0.6394052044609665,0.915684123680411,1532,306,45,535,1548,291,64,516,1.301759958267212,80,True,False,False
mlp_exp_20251201_2105_model069,"(64, 32)",0.0001,0.001,300,0.2,0.9345206450469609,0.8872875092387288,0.8469135802469135,0.9782281927237582,0.8862696443341604,0.7775862068965518,0.7554438860971524,0.9383489362500469,0.8850764778834229,0.7896551724137931,0.745928338762215,0.9231741388685755,0.858560794044665,0.9206896551724137,0.6433734939759036,0.9383489362500469,0.8623398098387763,0.9017241379310345,0.6545682102628285,0.9231741388685755,1542,296,46,534,1563,276,57,523,1.1072661876678467,70,True,False,False
mlp_exp_20251201_2105_model070,"(64, 32)",0.0001,0.001,500,0.2,0.9345206450469609,0.8872875092387288,0.8469135802469135,0.9782281927237582,0.8862696443341604,0.7775862068965518,0.7554438860971524,0.9383489362500469,0.8850764778834229,0.7896551724137931,0.745928338762215,0.9231741388685755,0.858560794044665,0.9206896551724137,0.6433734939759036,0.9383489362500469,0.8623398098387763,0.9017241379310345,0.6545682102628285,0.9231741388685755,1542,296,46,534,1563,276,57,523,1.1093618869781494,70,True,False,False
mlp_exp_20251201_2105_model071,"(64, 32)",0.0001,0.0007,300,0.12000000000000001,0.9227361332624491,0.7960088691796009,0.8706548100242523,0.9710424430213787,0.8742762613730356,0.6724137931034483,0.7738095238095238,0.9270154027991445,0.871434477056635,0.6741379310344827,0.7621832358674464,0.9113779977874032,0.8172043010752689,0.9293103448275862,0.573404255319149,0.9270154027991445,0.8267879288962381,0.9,0.5911664779161948,0.9113779977874032,1437,401,41,539,1478,361,58,522,1.1253111362457275,72,True,False,False
mlp_exp_20251201_2105_model072,"(64, 32)",0.0001,0.0007,500,0.12000000000000001,0.9227361332624491,0.7960088691796009,0.8706548100242523,0.9710424430213787,0.8742762613730356,0.6724137931034483,0.7738095238095238,0.9270154027991445,0.871434477056635,0.6741379310344827,0.7621832358674464,0.9113779977874032,0.8172043010752689,0.9293103448275862,0.573404255319149,0.9270154027991445,0.8267879288962381,0.9,0.5911664779161948,0.9113779977874032,1437,401,41,539,1478,361,58,522,1.143017053604126,72,True,False,False
mlp_exp_20251201_2105_model073,"(64, 32)",0.001,0.001,300,0.24000000000000002,0.9436469962785752,0.8765705838876571,0.887060583395662,0.9853156113411103,0.9065343258891646,0.8103448275862069,0.8020477815699659,0.9427343251660352,0.9036792062835882,0.7931034482758621,0.8027923211169284,0.9366025388610751,0.8978494623655914,0.9241379310344827,0.7253044654939107,0.9427343251660352,0.8945845390657297,0.896551724137931,0.7272727272727273,0.9366025388610751,1635,203,44,536,1644,195,60,520,1.637923002243042,105,True,False,False
mlp_exp_20251201_2105_model074,"(64, 32)",0.001,0.001,500,0.24000000000000002,0.9436469962785752,0.8765705838876571,0.887060583395662,0.9853156113411103,0.9065343258891646,0.8103448275862069,0.8020477815699659,0.9427343251660352,0.9036792062835882,0.7931034482758621,0.8027923211169284,0.9366025388610751,0.8978494623655914,0.9241379310344827,0.7253044654939107,0.9427343251660352,0.8945845390657297,0.896551724137931,0.7272727272727273,0.9366025388610751,1635,203,44,536,1644,195,60,520,1.6469857692718506,105,True,False,False
mlp_exp_20251201_2105_model075,"(64, 32)",0.001,0.0007,300,0.21000000000000002,0.9294701399964558,0.852549889135255,0.853180473372781,0.9756646070116137,0.8792390405293631,0.7448275862068966,0.75,0.9327206296199018,0.8768085985944605,0.743103448275862,0.743103448275862,0.914401567568581,0.8560794044665012,0.9206896551724137,0.638755980861244,0.9327206296199018,0.8528317486564696,0.896551724137931,0.6372549019607843,0.914401567568581,1536,302,46,534,1543,296,60,520,1.2696270942687988,80,True,False,False
mlp_exp_20251201_2105_model076,"(64, 32)",0.001,0.0007,500,0.21000000000000002,0.9294701399964558,0.852549889135255,0.853180473372781,0.9756646070116137,0.8792390405293631,0.7448275862068966,0.75,0.9327206296199018,0.8768085985944605,0.743103448275862,0.743103448275862,0.914401567568581,0.8560794044665012,0.9206896551724137,0.638755980861244,0.9327206296199018,0.8528317486564696,0.896551724137931,0.6372549019607843,0.914401567568581,1536,302,46,534,1543,296,60,520,1.2578339576721191,80,True,False,False
mlp_exp_20251201_2105_model077,"(64, 32)",0.01,0.001,300,0.22,0.9386850965798335,0.8876570583887657,0.860931899641577,0.9806814736138463,0.8945409429280397,0.7965517241379311,0.7712854757929883,0.9398948444711267,0.8916907813145928,0.7844827586206896,0.768581081081081,0.9271418124542948,0.880479735318445,0.9224137931034483,0.686777920410783,0.9398948444711267,0.8710210830921868,0.8982758620689655,0.6731266149870802,0.9271418124542948,1594,244,45,535,1586,253,59,521,1.2783639430999756,82,True,False,False
mlp_exp_20251201_2105_model078,"(64, 32)",0.01,0.001,500,0.22,0.9386850965798335,0.8876570583887657,0.860931899641577,0.9806814736138463,0.8945409429280397,0.7965517241379311,0.7712854757929883,0.9398948444711267,0.8916907813145928,0.7844827586206896,0.768581081081081,0.9271418124542948,0.880479735318445,0.9224137931034483,0.686777920410783,0.9398948444711267,0.8710210830921868,0.8982758620689655,0.6731266149870802,0.9271418124542948,1594,244,45,535,1586,253,59,521,1.3009979724884033,82,True,False,False
mlp_exp_20251201_2105_model079,"(64, 32)",0.01,0.0007,300,0.30000000000000004,0.9471026049973419,0.909460458240946,0.8748666903661572,0.9858269071406542,0.902812241521919,0.8189655172413793,0.7851239669421488,0.9420654947281528,0.8962381149235221,0.8017241379310345,0.7737104825291181,0.9356124955466802,0.8953680727874276,0.9206896551724137,0.7206477732793523,0.9420654947281528,0.8929309632079372,0.8948275862068965,0.7238493723849372,0.9356124955466802,1631,207,46,534,1641,198,61,519,2.1735827922821045,140,True,False,False
mlp_exp_20251201_2105_model080,"(64, 32)",0.01,0.0007,500,0.30000000000000004,0.9471026049973419,0.909460458240946,0.8748666903661572,0.9858269071406542,0.902812241521919,0.8189655172413793,0.7851239669421488,0.9420654947281528,0.8962381149235221,0.8017241379310345,0.7737104825291181,0.9356124955466802,0.8953680727874276,0.9206896551724137,0.7206477732793523,0.9420654947281528,0.8929309632079372,0.8948275862068965,0.7238493723849372,0.9356124955466802,1631,207,46,534,1641,198,61,519,2.1644818782806396,140,True,False,False
